"date","borough","community_district","count"
2020-03-31,"Bronx","1",1943
2020-03-31,"Bronx","2",952
2020-03-31,"Bronx","3",1930
2020-03-31,"Bronx","4",2122
2020-03-31,"Bronx","5",1981
2020-03-31,"Bronx","6",1577
2020-03-31,"Bronx","7",1305
2020-03-31,"Bronx","8",306
2020-03-31,"Bronx","9",1817
2020-03-31,"Bronx","10",532
2020-03-31,"Bronx","11",734
2020-03-31,"Bronx","12",1911
2020-03-31,"Bronx","Unknown CD",3010
2020-03-31,"Brooklyn","1",446
2020-03-31,"Brooklyn","2",432
2020-03-31,"Brooklyn","3",1662
2020-03-31,"Brooklyn","4",716
2020-03-31,"Brooklyn","5",2478
2020-03-31,"Brooklyn","6",292
2020-03-31,"Brooklyn","7",207
2020-03-31,"Brooklyn","8",771
2020-03-31,"Brooklyn","9",570
2020-03-31,"Brooklyn","10",132
2020-03-31,"Brooklyn","11",196
2020-03-31,"Brooklyn","12",156
2020-03-31,"Brooklyn","13",456
2020-03-31,"Brooklyn","14",491
2020-03-31,"Brooklyn","15",178
2020-03-31,"Brooklyn","16",1563
2020-03-31,"Brooklyn","17",1209
2020-03-31,"Brooklyn","18",782
2020-03-31,"Brooklyn","Unknown CD",2330
2020-03-31,"Manhattan","1",508
2020-03-31,"Manhattan","2",47
2020-03-31,"Manhattan","3",603
2020-03-31,"Manhattan","4",303
2020-03-31,"Manhattan","5",132
2020-03-31,"Manhattan","6",145
2020-03-31,"Manhattan","7",321
2020-03-31,"Manhattan","8",120
2020-03-31,"Manhattan","9",698
2020-03-31,"Manhattan","10",1404
2020-03-31,"Manhattan","11",1317
2020-03-31,"Manhattan","12",704
2020-03-31,"Manhattan","Unknown CD",3031
2020-03-31,"Queens","1",750
2020-03-31,"Queens","2",376
2020-03-31,"Queens","3",283
2020-03-31,"Queens","4",233
2020-03-31,"Queens","5",203
2020-03-31,"Queens","6",67
2020-03-31,"Queens","7",201
2020-03-31,"Queens","8",299
2020-03-31,"Queens","9",313
2020-03-31,"Queens","10",264
2020-03-31,"Queens","11",33
2020-03-31,"Queens","12",1706
2020-03-31,"Queens","13",686
2020-03-31,"Queens","14",1045
2020-03-31,"Queens","Unknown CD",1781
2020-03-31,"Staten Island","1",923
2020-03-31,"Staten Island","2",82
2020-03-31,"Staten Island","3",55
2020-03-31,"Staten Island","Unknown CD",168
2020-04-30,"Bronx","1",1925
2020-04-30,"Bronx","2",918
2020-04-30,"Bronx","3",1878
2020-04-30,"Bronx","4",2067
2020-04-30,"Bronx","5",1919
2020-04-30,"Bronx","6",1534
2020-04-30,"Bronx","7",1274
2020-04-30,"Bronx","8",290
2020-04-30,"Bronx","9",1772
2020-04-30,"Bronx","10",515
2020-04-30,"Bronx","11",698
2020-04-30,"Bronx","12",1878
2020-04-30,"Bronx","Unknown CD",2945
2020-04-30,"Brooklyn","1",420
2020-04-30,"Brooklyn","2",423
2020-04-30,"Brooklyn","3",1627
2020-04-30,"Brooklyn","4",690
2020-04-30,"Brooklyn","5",2462
2020-04-30,"Brooklyn","6",277
2020-04-30,"Brooklyn","7",194
2020-04-30,"Brooklyn","8",754
2020-04-30,"Brooklyn","9",548
2020-04-30,"Brooklyn","10",122
2020-04-30,"Brooklyn","11",179
2020-04-30,"Brooklyn","12",152
2020-04-30,"Brooklyn","13",426
2020-04-30,"Brooklyn","14",480
2020-04-30,"Brooklyn","15",173
2020-04-30,"Brooklyn","16",1531
2020-04-30,"Brooklyn","17",1198
2020-04-30,"Brooklyn","18",741
2020-04-30,"Brooklyn","Unknown CD",2291
2020-04-30,"Manhattan","1",525
2020-04-30,"Manhattan","2",46
2020-04-30,"Manhattan","3",578
2020-04-30,"Manhattan","4",294
2020-04-30,"Manhattan","5",138
2020-04-30,"Manhattan","6",137
2020-04-30,"Manhattan","7",315
2020-04-30,"Manhattan","8",112
2020-04-30,"Manhattan","9",664
2020-04-30,"Manhattan","10",1370
2020-04-30,"Manhattan","11",1341
2020-04-30,"Manhattan","12",684
2020-04-30,"Manhattan","Unknown CD",3043
2020-04-30,"Queens","1",745
2020-04-30,"Queens","2",361
2020-04-30,"Queens","3",274
2020-04-30,"Queens","4",229
2020-04-30,"Queens","5",207
2020-04-30,"Queens","6",68
2020-04-30,"Queens","7",199
2020-04-30,"Queens","8",286
2020-04-30,"Queens","9",288
2020-04-30,"Queens","10",266
2020-04-30,"Queens","11",34
2020-04-30,"Queens","12",1671
2020-04-30,"Queens","13",666
2020-04-30,"Queens","14",1049
2020-04-30,"Queens","Unknown CD",1797
2020-04-30,"Staten Island","1",895
2020-04-30,"Staten Island","2",73
2020-04-30,"Staten Island","3",56
2020-04-30,"Staten Island","Unknown CD",152
2020-05-31,"Bronx","1",1925
2020-05-31,"Bronx","2",916
2020-05-31,"Bronx","3",1900
2020-05-31,"Bronx","4",2060
2020-05-31,"Bronx","5",1891
2020-05-31,"Bronx","6",1480
2020-05-31,"Bronx","7",1283
2020-05-31,"Bronx","8",286
2020-05-31,"Bronx","9",1764
2020-05-31,"Bronx","10",491
2020-05-31,"Bronx","11",661
2020-05-31,"Bronx","12",1862
2020-05-31,"Bronx","Unknown CD",2963
2020-05-31,"Brooklyn","1",410
2020-05-31,"Brooklyn","2",426
2020-05-31,"Brooklyn","3",1580
2020-05-31,"Brooklyn","4",662
2020-05-31,"Brooklyn","5",2362
2020-05-31,"Brooklyn","6",261
2020-05-31,"Brooklyn","7",202
2020-05-31,"Brooklyn","8",744
2020-05-31,"Brooklyn","9",557
2020-05-31,"Brooklyn","10",121
2020-05-31,"Brooklyn","11",188
2020-05-31,"Brooklyn","12",150
2020-05-31,"Brooklyn","13",430
2020-05-31,"Brooklyn","14",456
2020-05-31,"Brooklyn","15",169
2020-05-31,"Brooklyn","16",1556
2020-05-31,"Brooklyn","17",1165
2020-05-31,"Brooklyn","18",741
2020-05-31,"Brooklyn","Unknown CD",2287
2020-05-31,"Manhattan","1",509
2020-05-31,"Manhattan","2",44
2020-05-31,"Manhattan","3",591
2020-05-31,"Manhattan","4",300
2020-05-31,"Manhattan","5",145
2020-05-31,"Manhattan","6",139
2020-05-31,"Manhattan","7",318
2020-05-31,"Manhattan","8",111
2020-05-31,"Manhattan","9",667
2020-05-31,"Manhattan","10",1347
2020-05-31,"Manhattan","11",1303
2020-05-31,"Manhattan","12",673
2020-05-31,"Manhattan","Unknown CD",3087
2020-05-31,"Queens","1",725
2020-05-31,"Queens","2",356
2020-05-31,"Queens","3",291
2020-05-31,"Queens","4",215
2020-05-31,"Queens","5",209
2020-05-31,"Queens","6",69
2020-05-31,"Queens","7",192
2020-05-31,"Queens","8",276
2020-05-31,"Queens","9",298
2020-05-31,"Queens","10",247
2020-05-31,"Queens","11",34
2020-05-31,"Queens","12",1610
2020-05-31,"Queens","13",659
2020-05-31,"Queens","14",1006
2020-05-31,"Queens","Unknown CD",1783
2020-05-31,"Staten Island","1",818
2020-05-31,"Staten Island","2",81
2020-05-31,"Staten Island","3",50
2020-05-31,"Staten Island","Unknown CD",154
2020-06-30,"Bronx","1",1870
2020-06-30,"Bronx","2",905
2020-06-30,"Bronx","3",1860
2020-06-30,"Bronx","4",2063
2020-06-30,"Bronx","5",1845
2020-06-30,"Bronx","6",1470
2020-06-30,"Bronx","7",1247
2020-06-30,"Bronx","8",281
2020-06-30,"Bronx","9",1713
2020-06-30,"Bronx","10",483
2020-06-30,"Bronx","11",671
2020-06-30,"Bronx","12",1803
2020-06-30,"Bronx","Unknown CD",2990
2020-06-30,"Brooklyn","1",397
2020-06-30,"Brooklyn","2",410
2020-06-30,"Brooklyn","3",1544
2020-06-30,"Brooklyn","4",645
2020-06-30,"Brooklyn","5",2288
2020-06-30,"Brooklyn","6",269
2020-06-30,"Brooklyn","7",201
2020-06-30,"Brooklyn","8",726
2020-06-30,"Brooklyn","9",553
2020-06-30,"Brooklyn","10",111
2020-06-30,"Brooklyn","11",183
2020-06-30,"Brooklyn","12",146
2020-06-30,"Brooklyn","13",409
2020-06-30,"Brooklyn","14",461
2020-06-30,"Brooklyn","15",165
2020-06-30,"Brooklyn","16",1569
2020-06-30,"Brooklyn","17",1106
2020-06-30,"Brooklyn","18",733
2020-06-30,"Brooklyn","Unknown CD",2315
2020-06-30,"Manhattan","1",513
2020-06-30,"Manhattan","2",41
2020-06-30,"Manhattan","3",580
2020-06-30,"Manhattan","4",296
2020-06-30,"Manhattan","5",145
2020-06-30,"Manhattan","6",147
2020-06-30,"Manhattan","7",303
2020-06-30,"Manhattan","8",109
2020-06-30,"Manhattan","9",656
2020-06-30,"Manhattan","10",1334
2020-06-30,"Manhattan","11",1307
2020-06-30,"Manhattan","12",647
2020-06-30,"Manhattan","Unknown CD",3187
2020-06-30,"Queens","1",713
2020-06-30,"Queens","2",361
2020-06-30,"Queens","3",290
2020-06-30,"Queens","4",209
2020-06-30,"Queens","5",200
2020-06-30,"Queens","6",67
2020-06-30,"Queens","7",187
2020-06-30,"Queens","8",280
2020-06-30,"Queens","9",286
2020-06-30,"Queens","10",243
2020-06-30,"Queens","11",27
2020-06-30,"Queens","12",1590
2020-06-30,"Queens","13",656
2020-06-30,"Queens","14",964
2020-06-30,"Queens","Unknown CD",1775
2020-06-30,"Staten Island","1",776
2020-06-30,"Staten Island","2",73
2020-06-30,"Staten Island","3",53
2020-06-30,"Staten Island","Unknown CD",149
2020-07-31,"Bronx","1",1926
2020-07-31,"Bronx","2",912
2020-07-31,"Bronx","3",1810
2020-07-31,"Bronx","4",2053
2020-07-31,"Bronx","5",1859
2020-07-31,"Bronx","6",1460
2020-07-31,"Bronx","7",1225
2020-07-31,"Bronx","8",283
2020-07-31,"Bronx","9",1716
2020-07-31,"Bronx","10",474
2020-07-31,"Bronx","11",674
2020-07-31,"Bronx","12",1791
2020-07-31,"Bronx","Unknown CD",2989
2020-07-31,"Brooklyn","1",385
2020-07-31,"Brooklyn","2",418
2020-07-31,"Brooklyn","3",1568
2020-07-31,"Brooklyn","4",658
2020-07-31,"Brooklyn","5",2180
2020-07-31,"Brooklyn","6",275
2020-07-31,"Brooklyn","7",191
2020-07-31,"Brooklyn","8",705
2020-07-31,"Brooklyn","9",551
2020-07-31,"Brooklyn","10",121
2020-07-31,"Brooklyn","11",183
2020-07-31,"Brooklyn","12",139
2020-07-31,"Brooklyn","13",414
2020-07-31,"Brooklyn","14",453
2020-07-31,"Brooklyn","15",152
2020-07-31,"Brooklyn","16",1494
2020-07-31,"Brooklyn","17",1078
2020-07-31,"Brooklyn","18",743
2020-07-31,"Brooklyn","Unknown CD",2297
2020-07-31,"Manhattan","1",504
2020-07-31,"Manhattan","2",41
2020-07-31,"Manhattan","3",532
2020-07-31,"Manhattan","4",304
2020-07-31,"Manhattan","5",138
2020-07-31,"Manhattan","6",139
2020-07-31,"Manhattan","7",303
2020-07-31,"Manhattan","8",109
2020-07-31,"Manhattan","9",653
2020-07-31,"Manhattan","10",1325
2020-07-31,"Manhattan","11",1301
2020-07-31,"Manhattan","12",638
2020-07-31,"Manhattan","Unknown CD",3143
2020-07-31,"Queens","1",704
2020-07-31,"Queens","2",356
2020-07-31,"Queens","3",283
2020-07-31,"Queens","4",184
2020-07-31,"Queens","5",190
2020-07-31,"Queens","6",66
2020-07-31,"Queens","7",189
2020-07-31,"Queens","8",273
2020-07-31,"Queens","9",304
2020-07-31,"Queens","10",242
2020-07-31,"Queens","11",25
2020-07-31,"Queens","12",1580
2020-07-31,"Queens","13",639
2020-07-31,"Queens","14",984
2020-07-31,"Queens","Unknown CD",1742
2020-07-31,"Staten Island","1",753
2020-07-31,"Staten Island","2",72
2020-07-31,"Staten Island","3",45
2020-07-31,"Staten Island","Unknown CD",138
2020-08-31,"Bronx","1",1903
2020-08-31,"Bronx","2",877
2020-08-31,"Bronx","3",1857
2020-08-31,"Bronx","4",2018
2020-08-31,"Bronx","5",1807
2020-08-31,"Bronx","6",1457
2020-08-31,"Bronx","7",1224
2020-08-31,"Bronx","8",279
2020-08-31,"Bronx","9",1718
2020-08-31,"Bronx","10",482
2020-08-31,"Bronx","11",653
2020-08-31,"Bronx","12",1766
2020-08-31,"Bronx","Unknown CD",2991
2020-08-31,"Brooklyn","1",360
2020-08-31,"Brooklyn","2",405
2020-08-31,"Brooklyn","3",1545
2020-08-31,"Brooklyn","4",641
2020-08-31,"Brooklyn","5",2122
2020-08-31,"Brooklyn","6",257
2020-08-31,"Brooklyn","7",173
2020-08-31,"Brooklyn","8",699
2020-08-31,"Brooklyn","9",572
2020-08-31,"Brooklyn","10",119
2020-08-31,"Brooklyn","11",181
2020-08-31,"Brooklyn","12",142
2020-08-31,"Brooklyn","13",407
2020-08-31,"Brooklyn","14",472
2020-08-31,"Brooklyn","15",149
2020-08-31,"Brooklyn","16",1489
2020-08-31,"Brooklyn","17",1083
2020-08-31,"Brooklyn","18",771
2020-08-31,"Brooklyn","Unknown CD",2290
2020-08-31,"Manhattan","1",516
2020-08-31,"Manhattan","2",36
2020-08-31,"Manhattan","3",544
2020-08-31,"Manhattan","4",304
2020-08-31,"Manhattan","5",135
2020-08-31,"Manhattan","6",143
2020-08-31,"Manhattan","7",312
2020-08-31,"Manhattan","8",104
2020-08-31,"Manhattan","9",646
2020-08-31,"Manhattan","10",1305
2020-08-31,"Manhattan","11",1310
2020-08-31,"Manhattan","12",633
2020-08-31,"Manhattan","Unknown CD",3145
2020-08-31,"Queens","1",710
2020-08-31,"Queens","2",363
2020-08-31,"Queens","3",290
2020-08-31,"Queens","4",182
2020-08-31,"Queens","5",195
2020-08-31,"Queens","6",77
2020-08-31,"Queens","7",187
2020-08-31,"Queens","8",267
2020-08-31,"Queens","9",294
2020-08-31,"Queens","10",241
2020-08-31,"Queens","11",28
2020-08-31,"Queens","12",1530
2020-08-31,"Queens","13",626
2020-08-31,"Queens","14",952
2020-08-31,"Queens","Unknown CD",1755
2020-08-31,"Staten Island","1",749
2020-08-31,"Staten Island","2",82
2020-08-31,"Staten Island","3",49
2020-08-31,"Staten Island","Unknown CD",132
2020-09-30,"Bronx","1",1895
2020-09-30,"Bronx","2",894
2020-09-30,"Bronx","3",1874
2020-09-30,"Bronx","4",1987
2020-09-30,"Bronx","5",1797
2020-09-30,"Bronx","6",1469
2020-09-30,"Bronx","7",1236
2020-09-30,"Bronx","8",280
2020-09-30,"Bronx","9",1721
2020-09-30,"Bronx","10",475
2020-09-30,"Bronx","11",648
2020-09-30,"Bronx","12",1738
2020-09-30,"Bronx","Unknown CD",2979
2020-09-30,"Brooklyn","1",352
2020-09-30,"Brooklyn","2",405
2020-09-30,"Brooklyn","3",1514
2020-09-30,"Brooklyn","4",614
2020-09-30,"Brooklyn","5",2067
2020-09-30,"Brooklyn","6",270
2020-09-30,"Brooklyn","7",172
2020-09-30,"Brooklyn","8",710
2020-09-30,"Brooklyn","9",557
2020-09-30,"Brooklyn","10",116
2020-09-30,"Brooklyn","11",174
2020-09-30,"Brooklyn","12",144
2020-09-30,"Brooklyn","13",419
2020-09-30,"Brooklyn","14",438
2020-09-30,"Brooklyn","15",145
2020-09-30,"Brooklyn","16",1420
2020-09-30,"Brooklyn","17",1051
2020-09-30,"Brooklyn","18",731
2020-09-30,"Brooklyn","Unknown CD",2311
2020-09-30,"Manhattan","1",515
2020-09-30,"Manhattan","2",37
2020-09-30,"Manhattan","3",520
2020-09-30,"Manhattan","4",305
2020-09-30,"Manhattan","5",147
2020-09-30,"Manhattan","6",139
2020-09-30,"Manhattan","7",319
2020-09-30,"Manhattan","8",104
2020-09-30,"Manhattan","9",600
2020-09-30,"Manhattan","10",1290
2020-09-30,"Manhattan","11",1311
2020-09-30,"Manhattan","12",607
2020-09-30,"Manhattan","Unknown CD",3222
2020-09-30,"Queens","1",721
2020-09-30,"Queens","2",349
2020-09-30,"Queens","3",282
2020-09-30,"Queens","4",185
2020-09-30,"Queens","5",194
2020-09-30,"Queens","6",78
2020-09-30,"Queens","7",195
2020-09-30,"Queens","8",272
2020-09-30,"Queens","9",276
2020-09-30,"Queens","10",250
2020-09-30,"Queens","11",24
2020-09-30,"Queens","12",1528
2020-09-30,"Queens","13",603
2020-09-30,"Queens","14",963
2020-09-30,"Queens","Unknown CD",1693
2020-09-30,"Staten Island","1",730
2020-09-30,"Staten Island","2",87
2020-09-30,"Staten Island","3",47
2020-09-30,"Staten Island","Unknown CD",131
2020-10-31,"Bronx","1",1887
2020-10-31,"Bronx","2",888
2020-10-31,"Bronx","3",1842
2020-10-31,"Bronx","4",1986
2020-10-31,"Bronx","5",1801
2020-10-31,"Bronx","6",1486
2020-10-31,"Bronx","7",1192
2020-10-31,"Bronx","8",286
2020-10-31,"Bronx","9",1714
2020-10-31,"Bronx","10",467
2020-10-31,"Bronx","11",659
2020-10-31,"Bronx","12",1743
2020-10-31,"Bronx","Unknown CD",3087
2020-10-31,"Brooklyn","1",341
2020-10-31,"Brooklyn","2",365
2020-10-31,"Brooklyn","3",1505
2020-10-31,"Brooklyn","4",602
2020-10-31,"Brooklyn","5",2041
2020-10-31,"Brooklyn","6",259
2020-10-31,"Brooklyn","7",175
2020-10-31,"Brooklyn","8",712
2020-10-31,"Brooklyn","9",561
2020-10-31,"Brooklyn","10",110
2020-10-31,"Brooklyn","11",171
2020-10-31,"Brooklyn","12",140
2020-10-31,"Brooklyn","13",399
2020-10-31,"Brooklyn","14",417
2020-10-31,"Brooklyn","15",137
2020-10-31,"Brooklyn","16",1464
2020-10-31,"Brooklyn","17",1094
2020-10-31,"Brooklyn","18",724
2020-10-31,"Brooklyn","Unknown CD",2320
2020-10-31,"Manhattan","1",522
2020-10-31,"Manhattan","2",35
2020-10-31,"Manhattan","3",512
2020-10-31,"Manhattan","4",299
2020-10-31,"Manhattan","5",157
2020-10-31,"Manhattan","6",141
2020-10-31,"Manhattan","7",327
2020-10-31,"Manhattan","8",106
2020-10-31,"Manhattan","9",587
2020-10-31,"Manhattan","10",1294
2020-10-31,"Manhattan","11",1294
2020-10-31,"Manhattan","12",613
2020-10-31,"Manhattan","Unknown CD",3236
2020-10-31,"Queens","1",702
2020-10-31,"Queens","2",346
2020-10-31,"Queens","3",289
2020-10-31,"Queens","4",194
2020-10-31,"Queens","5",179
2020-10-31,"Queens","6",79
2020-10-31,"Queens","7",195
2020-10-31,"Queens","8",284
2020-10-31,"Queens","9",275
2020-10-31,"Queens","10",247
2020-10-31,"Queens","11",20
2020-10-31,"Queens","12",1557
2020-10-31,"Queens","13",601
2020-10-31,"Queens","14",981
2020-10-31,"Queens","Unknown CD",1711
2020-10-31,"Staten Island","1",708
2020-10-31,"Staten Island","2",92
2020-10-31,"Staten Island","3",52
2020-10-31,"Staten Island","Unknown CD",139
2020-11-30,"Bronx","1",1835
2020-11-30,"Bronx","2",890
2020-11-30,"Bronx","3",1784
2020-11-30,"Bronx","4",1908
2020-11-30,"Bronx","5",1784
2020-11-30,"Bronx","6",1475
2020-11-30,"Bronx","7",1183
2020-11-30,"Bronx","8",277
2020-11-30,"Bronx","9",1721
2020-11-30,"Bronx","10",470
2020-11-30,"Bronx","11",654
2020-11-30,"Bronx","12",1679
2020-11-30,"Bronx","Unknown CD",3075
2020-11-30,"Brooklyn","1",338
2020-11-30,"Brooklyn","2",384
2020-11-30,"Brooklyn","3",1501
2020-11-30,"Brooklyn","4",572
2020-11-30,"Brooklyn","5",2042
2020-11-30,"Brooklyn","6",256
2020-11-30,"Brooklyn","7",178
2020-11-30,"Brooklyn","8",702
2020-11-30,"Brooklyn","9",566
2020-11-30,"Brooklyn","10",120
2020-11-30,"Brooklyn","11",175
2020-11-30,"Brooklyn","12",131
2020-11-30,"Brooklyn","13",410
2020-11-30,"Brooklyn","14",409
2020-11-30,"Brooklyn","15",137
2020-11-30,"Brooklyn","16",1466
2020-11-30,"Brooklyn","17",1049
2020-11-30,"Brooklyn","18",682
2020-11-30,"Brooklyn","Unknown CD",2315
2020-11-30,"Manhattan","1",566
2020-11-30,"Manhattan","2",35
2020-11-30,"Manhattan","3",521
2020-11-30,"Manhattan","4",305
2020-11-30,"Manhattan","5",169
2020-11-30,"Manhattan","6",140
2020-11-30,"Manhattan","7",327
2020-11-30,"Manhattan","8",110
2020-11-30,"Manhattan","9",572
2020-11-30,"Manhattan","10",1278
2020-11-30,"Manhattan","11",1303
2020-11-30,"Manhattan","12",612
2020-11-30,"Manhattan","Unknown CD",3290
2020-11-30,"Queens","1",683
2020-11-30,"Queens","2",341
2020-11-30,"Queens","3",280
2020-11-30,"Queens","4",188
2020-11-30,"Queens","5",189
2020-11-30,"Queens","6",80
2020-11-30,"Queens","7",204
2020-11-30,"Queens","8",276
2020-11-30,"Queens","9",272
2020-11-30,"Queens","10",232
2020-11-30,"Queens","11",21
2020-11-30,"Queens","12",1524
2020-11-30,"Queens","13",579
2020-11-30,"Queens","14",941
2020-11-30,"Queens","Unknown CD",1674
2020-11-30,"Staten Island","1",691
2020-11-30,"Staten Island","2",79
2020-11-30,"Staten Island","3",50
2020-11-30,"Staten Island","Unknown CD",129
2020-12-31,"Bronx","1",1839
2020-12-31,"Bronx","2",887
2020-12-31,"Bronx","3",1712
2020-12-31,"Bronx","4",1832
2020-12-31,"Bronx","5",1773
2020-12-31,"Bronx","6",1441
2020-12-31,"Bronx","7",1156
2020-12-31,"Bronx","8",273
2020-12-31,"Bronx","9",1726
2020-12-31,"Bronx","10",436
2020-12-31,"Bronx","11",672
2020-12-31,"Bronx","12",1673
2020-12-31,"Bronx","Unknown CD",3110
2020-12-31,"Brooklyn","1",336
2020-12-31,"Brooklyn","2",381
2020-12-31,"Brooklyn","3",1449
2020-12-31,"Brooklyn","4",558
2020-12-31,"Brooklyn","5",1933
2020-12-31,"Brooklyn","6",244
2020-12-31,"Brooklyn","7",168
2020-12-31,"Brooklyn","8",671
2020-12-31,"Brooklyn","9",552
2020-12-31,"Brooklyn","10",117
2020-12-31,"Brooklyn","11",175
2020-12-31,"Brooklyn","12",143
2020-12-31,"Brooklyn","13",403
2020-12-31,"Brooklyn","14",419
2020-12-31,"Brooklyn","15",133
2020-12-31,"Brooklyn","16",1423
2020-12-31,"Brooklyn","17",1032
2020-12-31,"Brooklyn","18",692
2020-12-31,"Brooklyn","Unknown CD",2268
2020-12-31,"Manhattan","1",563
2020-12-31,"Manhattan","2",44
2020-12-31,"Manhattan","3",527
2020-12-31,"Manhattan","4",296
2020-12-31,"Manhattan","5",168
2020-12-31,"Manhattan","6",147
2020-12-31,"Manhattan","7",311
2020-12-31,"Manhattan","8",108
2020-12-31,"Manhattan","9",554
2020-12-31,"Manhattan","10",1281
2020-12-31,"Manhattan","11",1277
2020-12-31,"Manhattan","12",635
2020-12-31,"Manhattan","Unknown CD",3355
2020-12-31,"Queens","1",655
2020-12-31,"Queens","2",336
2020-12-31,"Queens","3",277
2020-12-31,"Queens","4",187
2020-12-31,"Queens","5",200
2020-12-31,"Queens","6",72
2020-12-31,"Queens","7",200
2020-12-31,"Queens","8",272
2020-12-31,"Queens","9",254
2020-12-31,"Queens","10",223
2020-12-31,"Queens","11",22
2020-12-31,"Queens","12",1500
2020-12-31,"Queens","13",549
2020-12-31,"Queens","14",927
2020-12-31,"Queens","Unknown CD",1631
2020-12-31,"Staten Island","1",666
2020-12-31,"Staten Island","2",73
2020-12-31,"Staten Island","3",50
2020-12-31,"Staten Island","Unknown CD",144
2021-01-31,"Bronx","1",1838
2021-01-31,"Bronx","2",898
2021-01-31,"Bronx","3",1664
2021-01-31,"Bronx","4",1813
2021-01-31,"Bronx","5",1770
2021-01-31,"Bronx","6",1422
2021-01-31,"Bronx","7",1145
2021-01-31,"Bronx","8",264
2021-01-31,"Bronx","9",1661
2021-01-31,"Bronx","10",414
2021-01-31,"Bronx","11",646
2021-01-31,"Bronx","12",1600
2021-01-31,"Bronx","Unknown CD",3200
2021-01-31,"Brooklyn","1",341
2021-01-31,"Brooklyn","2",373
2021-01-31,"Brooklyn","3",1385
2021-01-31,"Brooklyn","4",577
2021-01-31,"Brooklyn","5",1924
2021-01-31,"Brooklyn","6",267
2021-01-31,"Brooklyn","7",181
2021-01-31,"Brooklyn","8",666
2021-01-31,"Brooklyn","9",533
2021-01-31,"Brooklyn","10",118
2021-01-31,"Brooklyn","11",169
2021-01-31,"Brooklyn","12",147
2021-01-31,"Brooklyn","13",378
2021-01-31,"Brooklyn","14",422
2021-01-31,"Brooklyn","15",134
2021-01-31,"Brooklyn","16",1379
2021-01-31,"Brooklyn","17",1021
2021-01-31,"Brooklyn","18",686
2021-01-31,"Brooklyn","Unknown CD",2243
2021-01-31,"Manhattan","1",607
2021-01-31,"Manhattan","2",41
2021-01-31,"Manhattan","3",538
2021-01-31,"Manhattan","4",288
2021-01-31,"Manhattan","5",151
2021-01-31,"Manhattan","6",138
2021-01-31,"Manhattan","7",321
2021-01-31,"Manhattan","8",113
2021-01-31,"Manhattan","9",566
2021-01-31,"Manhattan","10",1291
2021-01-31,"Manhattan","11",1262
2021-01-31,"Manhattan","12",617
2021-01-31,"Manhattan","Unknown CD",3431
2021-01-31,"Queens","1",667
2021-01-31,"Queens","2",322
2021-01-31,"Queens","3",283
2021-01-31,"Queens","4",198
2021-01-31,"Queens","5",195
2021-01-31,"Queens","6",66
2021-01-31,"Queens","7",199
2021-01-31,"Queens","8",270
2021-01-31,"Queens","9",273
2021-01-31,"Queens","10",231
2021-01-31,"Queens","11",26
2021-01-31,"Queens","12",1469
2021-01-31,"Queens","13",539
2021-01-31,"Queens","14",932
2021-01-31,"Queens","Unknown CD",1633
2021-01-31,"Staten Island","1",679
2021-01-31,"Staten Island","2",75
2021-01-31,"Staten Island","3",46
2021-01-31,"Staten Island","Unknown CD",145
2021-02-28,"Bronx","1",1818
2021-02-28,"Bronx","2",875
2021-02-28,"Bronx","3",1653
2021-02-28,"Bronx","4",1811
2021-02-28,"Bronx","5",1738
2021-02-28,"Bronx","6",1359
2021-02-28,"Bronx","7",1125
2021-02-28,"Bronx","8",256
2021-02-28,"Bronx","9",1619
2021-02-28,"Bronx","10",408
2021-02-28,"Bronx","11",641
2021-02-28,"Bronx","12",1571
2021-02-28,"Bronx","Unknown CD",3216
2021-02-28,"Brooklyn","1",340
2021-02-28,"Brooklyn","2",381
2021-02-28,"Brooklyn","3",1371
2021-02-28,"Brooklyn","4",565
2021-02-28,"Brooklyn","5",1871
2021-02-28,"Brooklyn","6",272
2021-02-28,"Brooklyn","7",189
2021-02-28,"Brooklyn","8",639
2021-02-28,"Brooklyn","9",546
2021-02-28,"Brooklyn","10",107
2021-02-28,"Brooklyn","11",174
2021-02-28,"Brooklyn","12",138
2021-02-28,"Brooklyn","13",393
2021-02-28,"Brooklyn","14",412
2021-02-28,"Brooklyn","15",134
2021-02-28,"Brooklyn","16",1384
2021-02-28,"Brooklyn","17",1014
2021-02-28,"Brooklyn","18",677
2021-02-28,"Brooklyn","Unknown CD",2246
2021-02-28,"Manhattan","1",586
2021-02-28,"Manhattan","2",37
2021-02-28,"Manhattan","3",540
2021-02-28,"Manhattan","4",297
2021-02-28,"Manhattan","5",159
2021-02-28,"Manhattan","6",123
2021-02-28,"Manhattan","7",317
2021-02-28,"Manhattan","8",113
2021-02-28,"Manhattan","9",548
2021-02-28,"Manhattan","10",1254
2021-02-28,"Manhattan","11",1305
2021-02-28,"Manhattan","12",625
2021-02-28,"Manhattan","Unknown CD",3413
2021-02-28,"Queens","1",663
2021-02-28,"Queens","2",310
2021-02-28,"Queens","3",271
2021-02-28,"Queens","4",187
2021-02-28,"Queens","5",198
2021-02-28,"Queens","6",59
2021-02-28,"Queens","7",199
2021-02-28,"Queens","8",261
2021-02-28,"Queens","9",273
2021-02-28,"Queens","10",219
2021-02-28,"Queens","11",20
2021-02-28,"Queens","12",1427
2021-02-28,"Queens","13",525
2021-02-28,"Queens","14",897
2021-02-28,"Queens","Unknown CD",1604
2021-02-28,"Staten Island","1",635
2021-02-28,"Staten Island","2",77
2021-02-28,"Staten Island","3",48
2021-02-28,"Staten Island","Unknown CD",142
2021-03-31,"Bronx","1",1726
2021-03-31,"Bronx","2",845
2021-03-31,"Bronx","3",1636
2021-03-31,"Bronx","4",1767
2021-03-31,"Bronx","5",1666
2021-03-31,"Bronx","6",1347
2021-03-31,"Bronx","7",1084
2021-03-31,"Bronx","8",277
2021-03-31,"Bronx","9",1563
2021-03-31,"Bronx","10",384
2021-03-31,"Bronx","11",635
2021-03-31,"Bronx","12",1508
2021-03-31,"Bronx","Unknown CD",3121
2021-03-31,"Brooklyn","1",353
2021-03-31,"Brooklyn","2",369
2021-03-31,"Brooklyn","3",1384
2021-03-31,"Brooklyn","4",518
2021-03-31,"Brooklyn","5",1818
2021-03-31,"Brooklyn","6",279
2021-03-31,"Brooklyn","7",165
2021-03-31,"Brooklyn","8",638
2021-03-31,"Brooklyn","9",535
2021-03-31,"Brooklyn","10",102
2021-03-31,"Brooklyn","11",165
2021-03-31,"Brooklyn","12",134
2021-03-31,"Brooklyn","13",373
2021-03-31,"Brooklyn","14",397
2021-03-31,"Brooklyn","15",135
2021-03-31,"Brooklyn","16",1317
2021-03-31,"Brooklyn","17",976
2021-03-31,"Brooklyn","18",679
2021-03-31,"Brooklyn","Unknown CD",2233
2021-03-31,"Manhattan","1",595
2021-03-31,"Manhattan","2",30
2021-03-31,"Manhattan","3",526
2021-03-31,"Manhattan","4",281
2021-03-31,"Manhattan","5",149
2021-03-31,"Manhattan","6",139
2021-03-31,"Manhattan","7",316
2021-03-31,"Manhattan","8",109
2021-03-31,"Manhattan","9",502
2021-03-31,"Manhattan","10",1210
2021-03-31,"Manhattan","11",1267
2021-03-31,"Manhattan","12",634
2021-03-31,"Manhattan","Unknown CD",3380
2021-03-31,"Queens","1",666
2021-03-31,"Queens","2",301
2021-03-31,"Queens","3",245
2021-03-31,"Queens","4",181
2021-03-31,"Queens","5",193
2021-03-31,"Queens","6",58
2021-03-31,"Queens","7",207
2021-03-31,"Queens","8",245
2021-03-31,"Queens","9",262
2021-03-31,"Queens","10",221
2021-03-31,"Queens","11",17
2021-03-31,"Queens","12",1434
2021-03-31,"Queens","13",492
2021-03-31,"Queens","14",867
2021-03-31,"Queens","Unknown CD",1551
2021-03-31,"Staten Island","1",611
2021-03-31,"Staten Island","2",75
2021-03-31,"Staten Island","3",47
2021-03-31,"Staten Island","Unknown CD",130
2021-04-30,"Bronx","1",1720
2021-04-30,"Bronx","2",823
2021-04-30,"Bronx","3",1629
2021-04-30,"Bronx","4",1678
2021-04-30,"Bronx","5",1584
2021-04-30,"Bronx","6",1293
2021-04-30,"Bronx","7",1044
2021-04-30,"Bronx","8",254
2021-04-30,"Bronx","9",1509
2021-04-30,"Bronx","10",376
2021-04-30,"Bronx","11",631
2021-04-30,"Bronx","12",1469
2021-04-30,"Bronx","Unknown CD",3014
2021-04-30,"Brooklyn","1",332
2021-04-30,"Brooklyn","2",350
2021-04-30,"Brooklyn","3",1355
2021-04-30,"Brooklyn","4",505
2021-04-30,"Brooklyn","5",1742
2021-04-30,"Brooklyn","6",264
2021-04-30,"Brooklyn","7",168
2021-04-30,"Brooklyn","8",621
2021-04-30,"Brooklyn","9",493
2021-04-30,"Brooklyn","10",94
2021-04-30,"Brooklyn","11",157
2021-04-30,"Brooklyn","12",149
2021-04-30,"Brooklyn","13",382
2021-04-30,"Brooklyn","14",392
2021-04-30,"Brooklyn","15",119
2021-04-30,"Brooklyn","16",1248
2021-04-30,"Brooklyn","17",952
2021-04-30,"Brooklyn","18",670
2021-04-30,"Brooklyn","Unknown CD",2249
2021-04-30,"Manhattan","1",599
2021-04-30,"Manhattan","2",29
2021-04-30,"Manhattan","3",547
2021-04-30,"Manhattan","4",275
2021-04-30,"Manhattan","5",145
2021-04-30,"Manhattan","6",130
2021-04-30,"Manhattan","7",307
2021-04-30,"Manhattan","8",100
2021-04-30,"Manhattan","9",480
2021-04-30,"Manhattan","10",1146
2021-04-30,"Manhattan","11",1216
2021-04-30,"Manhattan","12",599
2021-04-30,"Manhattan","Unknown CD",3320
2021-04-30,"Queens","1",636
2021-04-30,"Queens","2",291
2021-04-30,"Queens","3",246
2021-04-30,"Queens","4",184
2021-04-30,"Queens","5",181
2021-04-30,"Queens","6",54
2021-04-30,"Queens","7",194
2021-04-30,"Queens","8",247
2021-04-30,"Queens","9",273
2021-04-30,"Queens","10",208
2021-04-30,"Queens","11",19
2021-04-30,"Queens","12",1404
2021-04-30,"Queens","13",495
2021-04-30,"Queens","14",865
2021-04-30,"Queens","Unknown CD",1494
2021-04-30,"Staten Island","1",601
2021-04-30,"Staten Island","2",70
2021-04-30,"Staten Island","3",44
2021-04-30,"Staten Island","Unknown CD",135
2021-05-31,"Bronx","1",1676
2021-05-31,"Bronx","2",775
2021-05-31,"Bronx","3",1576
2021-05-31,"Bronx","4",1665
2021-05-31,"Bronx","5",1593
2021-05-31,"Bronx","6",1274
2021-05-31,"Bronx","7",1033
2021-05-31,"Bronx","8",257
2021-05-31,"Bronx","9",1498
2021-05-31,"Bronx","10",357
2021-05-31,"Bronx","11",636
2021-05-31,"Bronx","12",1377
2021-05-31,"Bronx","Unknown CD",2899
2021-05-31,"Brooklyn","1",341
2021-05-31,"Brooklyn","2",341
2021-05-31,"Brooklyn","3",1313
2021-05-31,"Brooklyn","4",513
2021-05-31,"Brooklyn","5",1678
2021-05-31,"Brooklyn","6",255
2021-05-31,"Brooklyn","7",164
2021-05-31,"Brooklyn","8",611
2021-05-31,"Brooklyn","9",473
2021-05-31,"Brooklyn","10",89
2021-05-31,"Brooklyn","11",162
2021-05-31,"Brooklyn","12",131
2021-05-31,"Brooklyn","13",404
2021-05-31,"Brooklyn","14",396
2021-05-31,"Brooklyn","15",120
2021-05-31,"Brooklyn","16",1250
2021-05-31,"Brooklyn","17",959
2021-05-31,"Brooklyn","18",626
2021-05-31,"Brooklyn","Unknown CD",2167
2021-05-31,"Manhattan","1",534
2021-05-31,"Manhattan","2",26
2021-05-31,"Manhattan","3",549
2021-05-31,"Manhattan","4",267
2021-05-31,"Manhattan","5",141
2021-05-31,"Manhattan","6",129
2021-05-31,"Manhattan","7",287
2021-05-31,"Manhattan","8",86
2021-05-31,"Manhattan","9",489
2021-05-31,"Manhattan","10",1115
2021-05-31,"Manhattan","11",1172
2021-05-31,"Manhattan","12",595
2021-05-31,"Manhattan","Unknown CD",3395
2021-05-31,"Queens","1",618
2021-05-31,"Queens","2",289
2021-05-31,"Queens","3",265
2021-05-31,"Queens","4",177
2021-05-31,"Queens","5",179
2021-05-31,"Queens","6",53
2021-05-31,"Queens","7",187
2021-05-31,"Queens","8",240
2021-05-31,"Queens","9",250
2021-05-31,"Queens","10",204
2021-05-31,"Queens","11",16
2021-05-31,"Queens","12",1348
2021-05-31,"Queens","13",482
2021-05-31,"Queens","14",806
2021-05-31,"Queens","Unknown CD",1377
2021-05-31,"Staten Island","1",557
2021-05-31,"Staten Island","2",74
2021-05-31,"Staten Island","3",44
2021-05-31,"Staten Island","Unknown CD",125
2021-06-30,"Bronx","1",1689
2021-06-30,"Bronx","2",762
2021-06-30,"Bronx","3",1524
2021-06-30,"Bronx","4",1630
2021-06-30,"Bronx","5",1556
2021-06-30,"Bronx","6",1256
2021-06-30,"Bronx","7",986
2021-06-30,"Bronx","8",239
2021-06-30,"Bronx","9",1477
2021-06-30,"Bronx","10",358
2021-06-30,"Bronx","11",626
2021-06-30,"Bronx","12",1332
2021-06-30,"Bronx","Unknown CD",2910
2021-06-30,"Brooklyn","1",333
2021-06-30,"Brooklyn","2",330
2021-06-30,"Brooklyn","3",1258
2021-06-30,"Brooklyn","4",510
2021-06-30,"Brooklyn","5",1656
2021-06-30,"Brooklyn","6",257
2021-06-30,"Brooklyn","7",158
2021-06-30,"Brooklyn","8",577
2021-06-30,"Brooklyn","9",459
2021-06-30,"Brooklyn","10",94
2021-06-30,"Brooklyn","11",169
2021-06-30,"Brooklyn","12",129
2021-06-30,"Brooklyn","13",390
2021-06-30,"Brooklyn","14",382
2021-06-30,"Brooklyn","15",120
2021-06-30,"Brooklyn","16",1192
2021-06-30,"Brooklyn","17",947
2021-06-30,"Brooklyn","18",613
2021-06-30,"Brooklyn","Unknown CD",2090
2021-06-30,"Manhattan","1",547
2021-06-30,"Manhattan","2",22
2021-06-30,"Manhattan","3",518
2021-06-30,"Manhattan","4",243
2021-06-30,"Manhattan","5",150
2021-06-30,"Manhattan","6",130
2021-06-30,"Manhattan","7",268
2021-06-30,"Manhattan","8",77
2021-06-30,"Manhattan","9",454
2021-06-30,"Manhattan","10",1072
2021-06-30,"Manhattan","11",1162
2021-06-30,"Manhattan","12",591
2021-06-30,"Manhattan","Unknown CD",3189
2021-06-30,"Queens","1",597
2021-06-30,"Queens","2",279
2021-06-30,"Queens","3",253
2021-06-30,"Queens","4",167
2021-06-30,"Queens","5",180
2021-06-30,"Queens","6",55
2021-06-30,"Queens","7",190
2021-06-30,"Queens","8",219
2021-06-30,"Queens","9",248
2021-06-30,"Queens","10",178
2021-06-30,"Queens","11",16
2021-06-30,"Queens","12",1314
2021-06-30,"Queens","13",458
2021-06-30,"Queens","14",784
2021-06-30,"Queens","Unknown CD",1368
2021-06-30,"Staten Island","1",547
2021-06-30,"Staten Island","2",69
2021-06-30,"Staten Island","3",33
2021-06-30,"Staten Island","Unknown CD",126
2021-07-31,"Bronx","1",1608
2021-07-31,"Bronx","2",733
2021-07-31,"Bronx","3",1436
2021-07-31,"Bronx","4",1478
2021-07-31,"Bronx","5",1425
2021-07-31,"Bronx","6",1196
2021-07-31,"Bronx","7",918
2021-07-31,"Bronx","8",247
2021-07-31,"Bronx","9",1376
2021-07-31,"Bronx","10",331
2021-07-31,"Bronx","11",564
2021-07-31,"Bronx","12",1238
2021-07-31,"Bronx","Unknown CD",2683
2021-07-31,"Brooklyn","1",318
2021-07-31,"Brooklyn","2",305
2021-07-31,"Brooklyn","3",1196
2021-07-31,"Brooklyn","4",485
2021-07-31,"Brooklyn","5",1577
2021-07-31,"Brooklyn","6",228
2021-07-31,"Brooklyn","7",150
2021-07-31,"Brooklyn","8",577
2021-07-31,"Brooklyn","9",462
2021-07-31,"Brooklyn","10",94
2021-07-31,"Brooklyn","11",161
2021-07-31,"Brooklyn","12",117
2021-07-31,"Brooklyn","13",391
2021-07-31,"Brooklyn","14",391
2021-07-31,"Brooklyn","15",124
2021-07-31,"Brooklyn","16",1188
2021-07-31,"Brooklyn","17",894
2021-07-31,"Brooklyn","18",589
2021-07-31,"Brooklyn","Unknown CD",2008
2021-07-31,"Manhattan","1",549
2021-07-31,"Manhattan","2",23
2021-07-31,"Manhattan","3",494
2021-07-31,"Manhattan","4",222
2021-07-31,"Manhattan","5",152
2021-07-31,"Manhattan","6",133
2021-07-31,"Manhattan","7",262
2021-07-31,"Manhattan","8",74
2021-07-31,"Manhattan","9",458
2021-07-31,"Manhattan","10",981
2021-07-31,"Manhattan","11",1112
2021-07-31,"Manhattan","12",530
2021-07-31,"Manhattan","Unknown CD",3038
2021-07-31,"Queens","1",578
2021-07-31,"Queens","2",265
2021-07-31,"Queens","3",240
2021-07-31,"Queens","4",170
2021-07-31,"Queens","5",171
2021-07-31,"Queens","6",45
2021-07-31,"Queens","7",181
2021-07-31,"Queens","8",211
2021-07-31,"Queens","9",252
2021-07-31,"Queens","10",196
2021-07-31,"Queens","11",14
2021-07-31,"Queens","12",1278
2021-07-31,"Queens","13",458
2021-07-31,"Queens","14",735
2021-07-31,"Queens","Unknown CD",1345
2021-07-31,"Staten Island","1",530
2021-07-31,"Staten Island","2",61
2021-07-31,"Staten Island","3",34
2021-07-31,"Staten Island","Unknown CD",111
2021-08-31,"Bronx","1",1630
2021-08-31,"Bronx","2",715
2021-08-31,"Bronx","3",1417
2021-08-31,"Bronx","4",1449
2021-08-31,"Bronx","5",1410
2021-08-31,"Bronx","6",1151
2021-08-31,"Bronx","7",937
2021-08-31,"Bronx","8",252
2021-08-31,"Bronx","9",1364
2021-08-31,"Bronx","10",340
2021-08-31,"Bronx","11",559
2021-08-31,"Bronx","12",1212
2021-08-31,"Bronx","Unknown CD",2711
2021-08-31,"Brooklyn","1",320
2021-08-31,"Brooklyn","2",294
2021-08-31,"Brooklyn","3",1198
2021-08-31,"Brooklyn","4",516
2021-08-31,"Brooklyn","5",1638
2021-08-31,"Brooklyn","6",237
2021-08-31,"Brooklyn","7",159
2021-08-31,"Brooklyn","8",585
2021-08-31,"Brooklyn","9",462
2021-08-31,"Brooklyn","10",82
2021-08-31,"Brooklyn","11",164
2021-08-31,"Brooklyn","12",124
2021-08-31,"Brooklyn","13",373
2021-08-31,"Brooklyn","14",411
2021-08-31,"Brooklyn","15",113
2021-08-31,"Brooklyn","16",1194
2021-08-31,"Brooklyn","17",883
2021-08-31,"Brooklyn","18",587
2021-08-31,"Brooklyn","Unknown CD",2014
2021-08-31,"Manhattan","1",584
2021-08-31,"Manhattan","2",24
2021-08-31,"Manhattan","3",500
2021-08-31,"Manhattan","4",217
2021-08-31,"Manhattan","5",148
2021-08-31,"Manhattan","6",127
2021-08-31,"Manhattan","7",262
2021-08-31,"Manhattan","8",79
2021-08-31,"Manhattan","9",434
2021-08-31,"Manhattan","10",964
2021-08-31,"Manhattan","11",1110
2021-08-31,"Manhattan","12",545
2021-08-31,"Manhattan","Unknown CD",3127
2021-08-31,"Queens","1",567
2021-08-31,"Queens","2",262
2021-08-31,"Queens","3",225
2021-08-31,"Queens","4",165
2021-08-31,"Queens","5",185
2021-08-31,"Queens","6",47
2021-08-31,"Queens","7",178
2021-08-31,"Queens","8",207
2021-08-31,"Queens","9",243
2021-08-31,"Queens","10",188
2021-08-31,"Queens","11",17
2021-08-31,"Queens","12",1243
2021-08-31,"Queens","13",435
2021-08-31,"Queens","14",711
2021-08-31,"Queens","Unknown CD",1300
2021-08-31,"Staten Island","1",535
2021-08-31,"Staten Island","2",58
2021-08-31,"Staten Island","3",31
2021-08-31,"Staten Island","Unknown CD",119
2021-09-30,"Bronx","1",1644
2021-09-30,"Bronx","2",791
2021-09-30,"Bronx","3",1432
2021-09-30,"Bronx","4",1468
2021-09-30,"Bronx","5",1441
2021-09-30,"Bronx","6",1181
2021-09-30,"Bronx","7",974
2021-09-30,"Bronx","8",247
2021-09-30,"Bronx","9",1384
2021-09-30,"Bronx","10",348
2021-09-30,"Bronx","11",575
2021-09-30,"Bronx","12",1284
2021-09-30,"Bronx","Unknown CD",2788
2021-09-30,"Brooklyn","1",326
2021-09-30,"Brooklyn","2",288
2021-09-30,"Brooklyn","3",1201
2021-09-30,"Brooklyn","4",496
2021-09-30,"Brooklyn","5",1619
2021-09-30,"Brooklyn","6",245
2021-09-30,"Brooklyn","7",164
2021-09-30,"Brooklyn","8",602
2021-09-30,"Brooklyn","9",466
2021-09-30,"Brooklyn","10",80
2021-09-30,"Brooklyn","11",166
2021-09-30,"Brooklyn","12",123
2021-09-30,"Brooklyn","13",385
2021-09-30,"Brooklyn","14",399
2021-09-30,"Brooklyn","15",129
2021-09-30,"Brooklyn","16",1169
2021-09-30,"Brooklyn","17",921
2021-09-30,"Brooklyn","18",585
2021-09-30,"Brooklyn","Unknown CD",2023
2021-09-30,"Manhattan","1",607
2021-09-30,"Manhattan","2",22
2021-09-30,"Manhattan","3",508
2021-09-30,"Manhattan","4",233
2021-09-30,"Manhattan","5",138
2021-09-30,"Manhattan","6",126
2021-09-30,"Manhattan","7",278
2021-09-30,"Manhattan","8",79
2021-09-30,"Manhattan","9",438
2021-09-30,"Manhattan","10",935
2021-09-30,"Manhattan","11",1139
2021-09-30,"Manhattan","12",562
2021-09-30,"Manhattan","Unknown CD",3151
2021-09-30,"Queens","1",589
2021-09-30,"Queens","2",256
2021-09-30,"Queens","3",218
2021-09-30,"Queens","4",161
2021-09-30,"Queens","5",189
2021-09-30,"Queens","6",59
2021-09-30,"Queens","7",192
2021-09-30,"Queens","8",197
2021-09-30,"Queens","9",261
2021-09-30,"Queens","10",204
2021-09-30,"Queens","11",20
2021-09-30,"Queens","12",1260
2021-09-30,"Queens","13",451
2021-09-30,"Queens","14",742
2021-09-30,"Queens","Unknown CD",1354
2021-09-30,"Staten Island","1",545
2021-09-30,"Staten Island","2",53
2021-09-30,"Staten Island","3",37
2021-09-30,"Staten Island","Unknown CD",129
2021-10-31,"Bronx","1",1614
2021-10-31,"Bronx","2",814
2021-10-31,"Bronx","3",1449
2021-10-31,"Bronx","4",1506
2021-10-31,"Bronx","5",1395
2021-10-31,"Bronx","6",1200
2021-10-31,"Bronx","7",981
2021-10-31,"Bronx","8",235
2021-10-31,"Bronx","9",1383
2021-10-31,"Bronx","10",347
2021-10-31,"Bronx","11",558
2021-10-31,"Bronx","12",1293
2021-10-31,"Bronx","Unknown CD",2888
2021-10-31,"Brooklyn","1",375
2021-10-31,"Brooklyn","2",294
2021-10-31,"Brooklyn","3",1199
2021-10-31,"Brooklyn","4",476
2021-10-31,"Brooklyn","5",1636
2021-10-31,"Brooklyn","6",260
2021-10-31,"Brooklyn","7",161
2021-10-31,"Brooklyn","8",616
2021-10-31,"Brooklyn","9",474
2021-10-31,"Brooklyn","10",82
2021-10-31,"Brooklyn","11",157
2021-10-31,"Brooklyn","12",131
2021-10-31,"Brooklyn","13",375
2021-10-31,"Brooklyn","14",395
2021-10-31,"Brooklyn","15",133
2021-10-31,"Brooklyn","16",1150
2021-10-31,"Brooklyn","17",909
2021-10-31,"Brooklyn","18",623
2021-10-31,"Brooklyn","Unknown CD",2018
2021-10-31,"Manhattan","1",611
2021-10-31,"Manhattan","2",23
2021-10-31,"Manhattan","3",501
2021-10-31,"Manhattan","4",256
2021-10-31,"Manhattan","5",147
2021-10-31,"Manhattan","6",128
2021-10-31,"Manhattan","7",298
2021-10-31,"Manhattan","8",80
2021-10-31,"Manhattan","9",448
2021-10-31,"Manhattan","10",985
2021-10-31,"Manhattan","11",1115
2021-10-31,"Manhattan","12",561
2021-10-31,"Manhattan","Unknown CD",3182
2021-10-31,"Queens","1",573
2021-10-31,"Queens","2",254
2021-10-31,"Queens","3",239
2021-10-31,"Queens","4",165
2021-10-31,"Queens","5",195
2021-10-31,"Queens","6",57
2021-10-31,"Queens","7",194
2021-10-31,"Queens","8",203
2021-10-31,"Queens","9",240
2021-10-31,"Queens","10",192
2021-10-31,"Queens","11",24
2021-10-31,"Queens","12",1245
2021-10-31,"Queens","13",467
2021-10-31,"Queens","14",707
2021-10-31,"Queens","Unknown CD",1343
2021-10-31,"Staten Island","1",528
2021-10-31,"Staten Island","2",61
2021-10-31,"Staten Island","3",33
2021-10-31,"Staten Island","Unknown CD",117
2021-11-30,"Bronx","1",1562
2021-11-30,"Bronx","2",782
2021-11-30,"Bronx","3",1444
2021-11-30,"Bronx","4",1580
2021-11-30,"Bronx","5",1361
2021-11-30,"Bronx","6",1204
2021-11-30,"Bronx","7",979
2021-11-30,"Bronx","8",247
2021-11-30,"Bronx","9",1388
2021-11-30,"Bronx","10",362
2021-11-30,"Bronx","11",567
2021-11-30,"Bronx","12",1300
2021-11-30,"Bronx","Unknown CD",2901
2021-11-30,"Brooklyn","1",359
2021-11-30,"Brooklyn","2",291
2021-11-30,"Brooklyn","3",1254
2021-11-30,"Brooklyn","4",511
2021-11-30,"Brooklyn","5",1606
2021-11-30,"Brooklyn","6",257
2021-11-30,"Brooklyn","7",161
2021-11-30,"Brooklyn","8",617
2021-11-30,"Brooklyn","9",492
2021-11-30,"Brooklyn","10",85
2021-11-30,"Brooklyn","11",151
2021-11-30,"Brooklyn","12",104
2021-11-30,"Brooklyn","13",389
2021-11-30,"Brooklyn","14",370
2021-11-30,"Brooklyn","15",118
2021-11-30,"Brooklyn","16",1122
2021-11-30,"Brooklyn","17",914
2021-11-30,"Brooklyn","18",640
2021-11-30,"Brooklyn","Unknown CD",2082
2021-11-30,"Manhattan","1",585
2021-11-30,"Manhattan","2",23
2021-11-30,"Manhattan","3",495
2021-11-30,"Manhattan","4",252
2021-11-30,"Manhattan","5",136
2021-11-30,"Manhattan","6",124
2021-11-30,"Manhattan","7",313
2021-11-30,"Manhattan","8",82
2021-11-30,"Manhattan","9",433
2021-11-30,"Manhattan","10",986
2021-11-30,"Manhattan","11",1114
2021-11-30,"Manhattan","12",554
2021-11-30,"Manhattan","Unknown CD",3258
2021-11-30,"Queens","1",572
2021-11-30,"Queens","2",243
2021-11-30,"Queens","3",229
2021-11-30,"Queens","4",169
2021-11-30,"Queens","5",193
2021-11-30,"Queens","6",60
2021-11-30,"Queens","7",189
2021-11-30,"Queens","8",182
2021-11-30,"Queens","9",234
2021-11-30,"Queens","10",193
2021-11-30,"Queens","11",18
2021-11-30,"Queens","12",1239
2021-11-30,"Queens","13",438
2021-11-30,"Queens","14",676
2021-11-30,"Queens","Unknown CD",1315
2021-11-30,"Staten Island","1",521
2021-11-30,"Staten Island","2",64
2021-11-30,"Staten Island","3",38
2021-11-30,"Staten Island","Unknown CD",109
2021-12-31,"Bronx","1",1498
2021-12-31,"Bronx","2",779
2021-12-31,"Bronx","3",1431
2021-12-31,"Bronx","4",1582
2021-12-31,"Bronx","5",1301
2021-12-31,"Bronx","6",1216
2021-12-31,"Bronx","7",922
2021-12-31,"Bronx","8",253
2021-12-31,"Bronx","9",1340
2021-12-31,"Bronx","10",345
2021-12-31,"Bronx","11",548
2021-12-31,"Bronx","12",1254
2021-12-31,"Bronx","Unknown CD",2910
2021-12-31,"Brooklyn","1",368
2021-12-31,"Brooklyn","2",281
2021-12-31,"Brooklyn","3",1195
2021-12-31,"Brooklyn","4",476
2021-12-31,"Brooklyn","5",1567
2021-12-31,"Brooklyn","6",256
2021-12-31,"Brooklyn","7",162
2021-12-31,"Brooklyn","8",607
2021-12-31,"Brooklyn","9",454
2021-12-31,"Brooklyn","10",79
2021-12-31,"Brooklyn","11",141
2021-12-31,"Brooklyn","12",97
2021-12-31,"Brooklyn","13",393
2021-12-31,"Brooklyn","14",353
2021-12-31,"Brooklyn","15",120
2021-12-31,"Brooklyn","16",1081
2021-12-31,"Brooklyn","17",920
2021-12-31,"Brooklyn","18",589
2021-12-31,"Brooklyn","Unknown CD",2050
2021-12-31,"Manhattan","1",592
2021-12-31,"Manhattan","2",25
2021-12-31,"Manhattan","3",469
2021-12-31,"Manhattan","4",269
2021-12-31,"Manhattan","5",157
2021-12-31,"Manhattan","6",106
2021-12-31,"Manhattan","7",300
2021-12-31,"Manhattan","8",87
2021-12-31,"Manhattan","9",419
2021-12-31,"Manhattan","10",939
2021-12-31,"Manhattan","11",1075
2021-12-31,"Manhattan","12",551
2021-12-31,"Manhattan","Unknown CD",3208
2021-12-31,"Queens","1",556
2021-12-31,"Queens","2",249
2021-12-31,"Queens","3",229
2021-12-31,"Queens","4",155
2021-12-31,"Queens","5",185
2021-12-31,"Queens","6",59
2021-12-31,"Queens","7",164
2021-12-31,"Queens","8",173
2021-12-31,"Queens","9",245
2021-12-31,"Queens","10",185
2021-12-31,"Queens","11",17
2021-12-31,"Queens","12",1160
2021-12-31,"Queens","13",434
2021-12-31,"Queens","14",663
2021-12-31,"Queens","Unknown CD",1346
2021-12-31,"Staten Island","1",502
2021-12-31,"Staten Island","2",62
2021-12-31,"Staten Island","3",42
2021-12-31,"Staten Island","Unknown CD",108
